EmployeeID,EmployeeName,JobRole,Salary,BaseAirport,JoiningDate
1,Justin Woodard,Co-Pilot,139452,DEL,2024-07-22
2,Christopher Knox,Ground Staff,133357,BLR,2025-08-31
3,Todd Olsen,Cabin Crew,88364,COK,2023-05-15
4,Rebecca Olson,Check-in Staff,64589,BOM,2025-01-07
5,Alexandria Mckee,Ground Staff,80595,PNQ,2025-02-12
6,Katie Hubbard,Engineer,30177,BOM,2023-05-20
7,John Young,Check-in Staff,148491,GOI,2025-07-08
8,Steven Rivera,Engineer,60917,BOM,2024-07-14
9,Daniel Rogers,Check-in Staff,108046,AMD,2023-02-18
10,Mariah Arnold,Check-in Staff,138358,BOM,2024-07-14
11,Mary Bailey,Co-Pilot,46620,MAA,2024-07-18
12,Jacqueline Ramirez,Cabin Crew,55004,CCU,2025-03-30
13,Nicole Hensley,Pilot,142090,COK,2024-02-01
14,Sara Bond,Ground Staff,35971,CCU,2023-06-05
15,Daniel Rodriguez,Ground Staff,131978,GOI,2024-05-06
16,Emily Foster,Engineer,75585,COK,2025-01-26
17,Melanie Garza,Engineer,115138,PNQ,2025-03-03
18,Sarah Brown,Check-in Staff,36910,HYD,2025-07-02
19,Darrell Coleman,Cabin Crew,143266,BLR,2024-11-17
20,Juan Powers,Engineer,78040,BOM,2024-07-05
21,Joseph Beasley,Check-in Staff,83045,DEL,2025-06-25
22,Stephen Brown,Ground Staff,143572,BOM,2024-04-02
23,Francis Davis,Ground Staff,97585,BLR,2023-10-13
24,Brian Smith,Pilot,29669,PNQ,2022-11-06
25,Michael Gibbs,Co-Pilot,37455,HYD,2025-08-18
26,Kendra Chapman,Ground Staff,99103,GOI,2023-11-04
27,David Henderson,Check-in Staff,27476,GOI,2024-03-08
28,Tiffany Medina,Engineer,88434,PNQ,2023-07-19
29,Laurie Anderson,Check-in Staff,77262,BLR,2024-12-12
30,John Watson,Check-in Staff,78177,BLR,2025-01-07
31,Stephanie Ramirez,Pilot,61247,CCU,2025-04-23
32,Sean Price,Check-in Staff,103018,HYD,2023-11-09
33,Jody Gomez,Ground Staff,83178,CCU,2023-05-04
34,Jessica Chapman,Ground Staff,117498,AMD,2025-05-25
35,Lisa Hoover,Check-in Staff,56989,AMD,2024-05-30
36,Lori Strong,Check-in Staff,73387,PNQ,2022-10-09
37,Felicia Davis,Pilot,29046,CCU,2023-11-10
38,Joyce Patel,Cabin Crew,104474,DEL,2023-07-27
39,Craig Hoffman,Pilot,90070,COK,2024-06-16
40,Emily Hamilton,Co-Pilot,51885,MAA,2025-03-26
41,Mary Campbell,Co-Pilot,84036,GOI,2022-10-18
42,Lisa Garcia,Cabin Crew,109547,BLR,2024-11-20
43,Wesley Moore,Pilot,31659,AMD,2025-04-24
44,Shannon Arnold,Engineer,36982,CCU,2023-01-17
45,Shane Mckee,Check-in Staff,139652,CCU,2023-01-20
46,Shane Bray,Engineer,143025,HYD,2023-06-11
47,Vincent Peters,Check-in Staff,65653,COK,2023-10-28
48,Gerald Jackson,Co-Pilot,138421,BOM,2023-01-02
49,Taylor Clark,Ground Staff,50040,BLR,2023-05-27
50,John James,Pilot,109132,PNQ,2023-05-13
51,Melvin Mitchell,Pilot,57722,BLR,2023-02-07
52,Nicole Jackson,Engineer,49964,DEL,2025-02-16
53,Deanna Sutton,Co-Pilot,78045,BOM,2024-04-17
54,Deanna Farley,Cabin Crew,79722,BLR,2024-11-29
55,Angelica Compton,Engineer,48888,COK,2023-09-24
56,Joseph Chavez,Pilot,25174,HYD,2023-12-03
57,Austin Taylor,Cabin Crew,60264,BOM,2025-04-08
58,Sandra Fleming,Cabin Crew,73036,BOM,2022-12-08
59,Shelly Downs,Ground Staff,104858,BOM,2025-01-22
60,Kelly Perez,Ground Staff,26148,DEL,2024-10-09
61,Sarah Hughes,Cabin Crew,114271,BLR,2024-10-24
62,Denise Johnson,Cabin Crew,81204,BLR,2023-12-01
63,Kevin Rodriguez,Co-Pilot,124642,COK,2025-02-15
64,Melissa Mendoza,Co-Pilot,135868,MAA,2022-11-07
65,Pamela Thomas,Engineer,115242,COK,2024-08-03
66,Shawn Mcdonald,Check-in Staff,76580,MAA,2025-05-30
67,Robert Johnson,Cabin Crew,89341,AMD,2022-10-01
68,Courtney Flowers,Co-Pilot,143350,MAA,2024-03-16
69,Stephen Harris,Engineer,127116,BOM,2025-05-18
70,Megan Weber,Cabin Crew,119916,GOI,2023-04-22
71,Robert Watson,Co-Pilot,70365,COK,2023-08-02
72,Sabrina Wyatt,Ground Staff,94788,BOM,2024-12-10
73,Kathleen Boyer,Engineer,116018,HYD,2025-08-17
74,Ashley Ruiz,Ground Staff,132371,PNQ,2023-09-23
75,Stephanie Jones,Engineer,140326,PNQ,2024-03-08
76,Michael Miller III,Co-Pilot,147172,GOI,2024-06-22
77,Brandon Krause,Ground Staff,35570,DEL,2025-08-07
78,Howard Fleming,Co-Pilot,58121,GOI,2025-07-05
79,Denise Roberts,Check-in Staff,134167,PNQ,2022-10-06
80,Debbie Quinn,Ground Staff,131092,MAA,2024-01-13
81,Stephanie Brown,Cabin Crew,32864,BLR,2022-12-17
82,Scott Miller,Check-in Staff,52201,BLR,2022-12-21
83,Matthew Ross,Pilot,124250,BLR,2022-09-30
84,Karen Miller,Pilot,67096,BLR,2024-12-13
85,Timothy Morales,Engineer,71149,HYD,2024-03-06
86,Autumn Hall,Co-Pilot,130530,BOM,2024-11-04
87,Aaron Marquez,Ground Staff,35697,MAA,2022-11-09
88,Anthony Carter,Engineer,144235,COK,2025-04-03
89,Marc Jacobs,Engineer,73444,HYD,2024-08-24
90,Jeffrey Taylor,Engineer,98807,PNQ,2024-11-15
91,James Carson,Engineer,117922,BLR,2025-05-31
92,Mrs. Kimberly Cole,Co-Pilot,92268,CCU,2024-06-11
93,Matthew Johnson,Check-in Staff,110464,BLR,2024-01-02
94,Vanessa Hernandez,Ground Staff,142311,HYD,2024-06-25
95,Danielle Coleman,Pilot,103076,MAA,2024-07-22
96,Dan Lee,Check-in Staff,107104,GOI,2024-03-23
97,Jacqueline Parks,Check-in Staff,35233,PNQ,2024-10-23
98,Jody Hernandez,Engineer,58271,DEL,2023-10-19
99,Erica Ross,Check-in Staff,112055,BOM,2023-08-21
100,Dr. Rebecca Rodriguez MD,Engineer,77146,BOM,2024-05-06
101,John Fuentes,Cabin Crew,108063,HYD,2025-07-21
102,Victoria Williams,Ground Staff,113669,DEL,2023-09-10
103,Brian Patel,Ground Staff,118660,DEL,2025-07-23
104,Felicia Maxwell,Ground Staff,75174,HYD,2025-05-14
105,Jasmine Riley,Co-Pilot,104913,CCU,2023-03-06
106,Lisa Montes,Ground Staff,139138,PNQ,2024-07-10
107,Timothy Kelly,Pilot,113674,GOI,2024-03-01
108,Tiffany Williams,Engineer,56878,BOM,2023-04-17
109,Cynthia Price,Co-Pilot,83499,MAA,2023-02-26
110,Jason Perkins,Engineer,131335,CCU,2025-08-30
111,Michael Yates,Co-Pilot,50260,BLR,2023-11-19
112,Whitney Odom,Pilot,120263,DEL,2025-05-10
113,Matthew Willis,Check-in Staff,31586,BLR,2024-08-30
114,James Smith,Pilot,119227,BLR,2025-03-01
115,Robert Jacobson,Co-Pilot,122170,PNQ,2024-08-02
116,Colleen Clark,Pilot,32127,AMD,2025-07-07
117,Peter Butler,Check-in Staff,63256,MAA,2024-09-28
118,William Dennis,Check-in Staff,141964,PNQ,2025-06-23
119,Kerry Byrd,Pilot,90986,HYD,2024-11-04
120,Mrs. Lisa Zimmerman DDS,Cabin Crew,45725,BOM,2023-09-05
121,Sarah Contreras,Pilot,61294,GOI,2024-06-25
122,Sherry Keith DVM,Check-in Staff,36823,BLR,2024-03-02
123,Patricia Murphy,Ground Staff,67391,COK,2025-02-05
124,Joshua Moss,Co-Pilot,38170,CCU,2025-02-26
125,Linda Reyes,Engineer,98410,BLR,2022-11-30
126,Eric Thompson,Ground Staff,59155,COK,2023-09-29
127,Dr. Renee Leonard,Pilot,73370,COK,2023-09-22
128,Joseph Thompson MD,Cabin Crew,120529,PNQ,2023-09-01
129,David Stevenson,Ground Staff,130430,BOM,2025-04-25
130,Charles Chang,Ground Staff,131606,DEL,2022-12-24
131,Ian Clark,Cabin Crew,77794,DEL,2023-06-28
132,Fred James,Co-Pilot,44775,CCU,2023-11-26
133,Cody Robinson,Pilot,47350,GOI,2024-04-02
134,Kimberly Branch,Ground Staff,56084,GOI,2023-04-22
135,Matthew Bruce,Ground Staff,134713,PNQ,2024-02-16
136,Sarah Alvarez,Pilot,28175,HYD,2023-07-25
137,Wanda Henry,Ground Staff,93646,BOM,2022-10-15
138,Timothy Sandoval,Engineer,147704,PNQ,2024-09-05
139,Joseph Perez,Check-in Staff,74858,AMD,2023-12-08
140,Erica Vega,Cabin Crew,131719,HYD,2024-06-17
141,Frank Collins,Engineer,78292,MAA,2024-10-17
142,Dr. Lisa Johnson,Engineer,27558,MAA,2023-12-02
143,Patricia Forbes,Pilot,138771,BLR,2023-02-07
144,Daniel Lang,Ground Staff,118600,PNQ,2023-01-17
145,Amanda Murray,Cabin Crew,57865,COK,2025-03-09
146,Katherine Nelson,Engineer,64293,BOM,2025-08-27
147,Mark Flores,Pilot,110245,DEL,2024-05-20
148,Mr. Joshua Jones DDS,Cabin Crew,28535,DEL,2022-12-21
149,Benjamin Warner,Co-Pilot,110851,BLR,2023-05-06
150,Mary Tanner,Cabin Crew,30940,HYD,2023-09-04
151,Jordan Hunter,Check-in Staff,119001,COK,2025-03-31
152,Wanda Wolf,Engineer,88773,PNQ,2023-02-20
153,Lori Hall,Cabin Crew,125442,DEL,2023-10-21
154,Willie Lopez,Cabin Crew,76597,GOI,2023-01-16
155,Steven Hughes,Pilot,85647,AMD,2023-11-18
156,Linda Cox,Pilot,49444,BOM,2023-01-17
157,Joy Carr,Engineer,139685,HYD,2024-07-14
158,Kayla Hall,Check-in Staff,32381,BOM,2023-02-15
159,Andres Clark,Engineer,142114,HYD,2025-03-06
160,Karen Castro,Pilot,124808,GOI,2023-05-17
161,James Welch,Ground Staff,55174,AMD,2025-02-25
162,Nicole Stewart,Cabin Crew,54951,CCU,2023-04-10
163,Cynthia Lewis,Cabin Crew,37322,PNQ,2022-10-23
164,Kevin Mitchell,Co-Pilot,90220,GOI,2024-09-27
165,Kimberly Webster,Pilot,61375,AMD,2024-04-17
166,Maureen Little,Pilot,106950,PNQ,2023-03-17
167,David Jones,Ground Staff,130835,HYD,2023-01-01
168,Beth Waller,Check-in Staff,127224,HYD,2024-02-14
169,Walter Moore,Cabin Crew,131476,BOM,2025-05-08
170,Elizabeth Steele,Pilot,68182,PNQ,2023-09-03
171,Sarah Lambert,Check-in Staff,56196,DEL,2023-06-18
172,Nathan Klein,Co-Pilot,104219,DEL,2023-04-13
173,James Houston,Pilot,98413,COK,2023-11-26
174,Justin Sanchez,Pilot,130179,DEL,2024-04-27
175,Paul Landry,Engineer,143178,MAA,2023-04-19
176,Kimberly Lewis,Check-in Staff,97178,BLR,2023-02-16
177,Allison Rhodes,Cabin Crew,85744,GOI,2023-12-17
178,Tammy Whitney,Ground Staff,108293,HYD,2024-05-31
179,Kevin Williams,Ground Staff,86215,CCU,2024-07-01
180,Matthew Erickson,Cabin Crew,61491,DEL,2022-10-22
181,Jessica Middleton,Check-in Staff,25728,CCU,2023-12-04
182,Amy Larsen,Check-in Staff,52746,CCU,2025-03-31
183,Elizabeth Harris,Engineer,67870,AMD,2023-09-28
184,Chase Mann,Cabin Crew,66537,MAA,2022-09-26
185,Kevin Schneider,Check-in Staff,142165,COK,2024-11-05
186,Adam Pruitt,Cabin Crew,122359,DEL,2025-03-06
187,Tiffany Graham,Ground Staff,38766,CCU,2022-10-11
188,Kathleen Gomez,Pilot,63821,GOI,2023-06-05
189,Andre Spencer,Engineer,58693,GOI,2023-04-12
190,Billy Thompson,Ground Staff,96442,PNQ,2025-08-18
191,David Lara,Ground Staff,65497,CCU,2024-04-29
192,Paul Franklin,Ground Staff,80477,DEL,2025-04-22
193,Vanessa Herman,Engineer,58858,PNQ,2024-11-06
194,Cindy Gutierrez,Cabin Crew,48414,DEL,2025-04-07
195,Sharon Benitez,Engineer,56102,BLR,2024-07-02
196,Marie Jimenez,Check-in Staff,135822,MAA,2024-01-25
197,Jermaine Alvarado,Cabin Crew,128443,BOM,2025-02-05
198,Amy Smith,Co-Pilot,133942,BLR,2022-10-27
199,Lisa Bowen DDS,Cabin Crew,30691,BOM,2023-03-31
200,Lauren Nguyen,Check-in Staff,117538,MAA,2023-10-10
201,Kent Garcia,Ground Staff,43992,DEL,2023-01-12
202,Jonathan Lewis,Engineer,117063,GOI,2025-08-13
203,Jerry Gonzales,Pilot,85617,GOI,2025-05-25
204,William Henry,Cabin Crew,50216,COK,2023-02-02
205,Kristi Hartman,Ground Staff,116904,HYD,2025-09-07
206,Dr. James Smith,Check-in Staff,132427,BOM,2023-11-04
207,Maria Carter,Pilot,136625,BOM,2024-07-13
208,Kelly Yates,Ground Staff,78918,BOM,2025-06-24
209,Kevin Huff,Ground Staff,49141,DEL,2022-11-27
210,Jerry Chen,Ground Staff,88229,PNQ,2022-12-21
211,Anthony Walker,Check-in Staff,66849,PNQ,2025-04-11
212,Nicholas Howard,Co-Pilot,106047,BLR,2024-09-07
213,Tammy Webb,Cabin Crew,51371,PNQ,2023-12-10
214,Charlene Lopez,Pilot,31123,HYD,2024-07-31
215,Gregory Brown,Engineer,89090,BLR,2023-11-10
216,Tony Daniels,Co-Pilot,28403,BOM,2024-10-23
217,Dr. Jose Jackson DDS,Cabin Crew,106922,DEL,2025-06-26
218,Michael Turner,Co-Pilot,32058,DEL,2025-03-27
219,William Hawkins,Cabin Crew,47814,HYD,2024-05-27
220,Robert Thomas,Engineer,127163,MAA,2022-11-04
221,Amanda Duran,Pilot,148403,DEL,2023-06-15
222,Sherry Rose,Co-Pilot,109021,PNQ,2023-08-03
223,Jessica Williams,Check-in Staff,42263,CCU,2024-04-14
224,Courtney Moody,Cabin Crew,98020,GOI,2023-04-29
225,Derrick Vaughn,Cabin Crew,56575,BOM,2023-05-20
226,Daniel Serrano,Co-Pilot,122023,GOI,2022-10-15
227,Carol Davis,Check-in Staff,86435,BOM,2023-01-03
228,Maria Collins,Pilot,128374,MAA,2024-08-03
229,Joseph Mcclure,Pilot,148723,AMD,2023-05-27
230,Kevin Moore,Co-Pilot,75814,CCU,2024-10-22
231,Jonathan Guzman,Co-Pilot,103432,BLR,2023-05-17
232,Ryan Figueroa,Cabin Crew,75867,GOI,2025-04-26
233,Kevin Carter,Ground Staff,78399,BLR,2025-04-21
234,Amy Watson,Engineer,102728,HYD,2022-11-18
235,Kim Kelley,Pilot,118741,AMD,2023-12-26
236,Jennifer Kelly,Ground Staff,82138,AMD,2024-07-02
237,Michael Alexander,Cabin Crew,76306,CCU,2024-11-06
238,Megan Banks,Ground Staff,38204,DEL,2023-10-24
239,Doris Jones,Pilot,37359,COK,2024-03-28
240,Paul Johnson,Engineer,84146,AMD,2025-08-26
241,Robert Coleman,Engineer,79502,PNQ,2023-09-24
242,Christine Graves,Engineer,146268,CCU,2022-10-18
243,Randy Williams,Ground Staff,88996,HYD,2022-11-28
244,Michael Kelly,Engineer,128458,HYD,2023-12-12
245,Diana Snow,Check-in Staff,48231,BOM,2024-02-02
246,Sean Berry,Check-in Staff,132630,BOM,2025-04-23
247,Steven Stevens,Co-Pilot,142527,BLR,2023-04-07
248,Amanda Jackson,Ground Staff,51851,AMD,2022-10-25
249,Timothy Graves,Ground Staff,87966,DEL,2025-02-15
250,Jason Smith,Check-in Staff,144138,MAA,2024-09-21
251,Donald Johnson,Engineer,87427,MAA,2023-04-07
252,Madison Reid,Engineer,93829,CCU,2023-03-01
253,Jason Thomas,Engineer,128260,DEL,2023-06-15
254,Jennifer Walker,Ground Staff,126371,BOM,2024-02-29
255,Tiffany Phillips,Pilot,35146,BLR,2023-10-29
256,Anna Nunez,Co-Pilot,40111,BLR,2023-01-24
257,Brian Munoz,Co-Pilot,35216,GOI,2024-05-13
258,Allison Johnson,Check-in Staff,116313,BLR,2025-05-19
259,Kaitlyn Garcia,Co-Pilot,110272,DEL,2024-05-09
260,Mary Campbell,Ground Staff,135295,AMD,2025-03-28
261,Lisa Smith,Check-in Staff,94024,PNQ,2023-09-25
262,Sarah Garrett,Cabin Crew,33499,BLR,2025-01-26
263,Joanna Palmer,Ground Staff,36126,BLR,2025-07-10
264,Renee Roberts,Check-in Staff,139145,GOI,2024-05-11
265,Luke Ryan,Co-Pilot,80316,MAA,2025-06-19
266,James Haley,Engineer,38336,PNQ,2024-11-06
267,Jacob Sanchez,Pilot,122535,DEL,2024-03-20
268,Angela Scott,Co-Pilot,143966,MAA,2023-02-09
269,Kayla Christensen,Check-in Staff,118959,BOM,2025-05-31
270,Lisa Clark,Cabin Crew,116511,AMD,2025-05-16
271,Richard Davis,Pilot,139017,BOM,2023-09-04
272,Jennifer Perez,Check-in Staff,81267,PNQ,2024-12-23
273,Justin Sanchez,Engineer,72108,HYD,2025-02-02
274,Jody Lee,Check-in Staff,133057,PNQ,2025-07-23
275,Jason Smith,Pilot,132908,CCU,2023-08-10
276,James Prince,Engineer,39805,PNQ,2025-09-06
277,Sherry Price,Ground Staff,55488,COK,2023-04-30
278,Scott West,Pilot,25542,BLR,2025-05-02
279,Joe Wilson,Engineer,31932,GOI,2023-06-12
280,Kristen Holland,Co-Pilot,78246,BOM,2024-03-24
281,Tammy Mills,Check-in Staff,120166,BOM,2022-09-13
282,Julie Hayes,Check-in Staff,133060,HYD,2024-05-26
283,Benjamin Ballard,Cabin Crew,36957,BOM,2023-10-29
284,Gabriel Reynolds,Check-in Staff,30327,PNQ,2023-10-20
285,Jonathan Smith,Check-in Staff,67907,AMD,2023-06-05
286,Peter Barrett,Co-Pilot,124291,AMD,2023-04-24
287,James Hudson,Cabin Crew,117582,BOM,2025-07-31
288,Melissa Schwartz,Cabin Crew,137966,BLR,2024-05-16
289,Melissa Floyd,Co-Pilot,106807,GOI,2025-04-02
290,Jordan Long,Engineer,131744,COK,2022-09-23
291,James Turner,Co-Pilot,108542,HYD,2023-04-08
292,Troy Gardner,Pilot,133963,PNQ,2022-10-08
293,Becky Peters,Check-in Staff,39577,CCU,2023-01-15
294,Kristin Martinez,Pilot,131971,HYD,2023-04-13
295,Stephen Davis,Ground Staff,109135,PNQ,2025-02-01
296,Melissa Roberson,Co-Pilot,97036,GOI,2025-07-17
297,Kristine Steele,Co-Pilot,66562,HYD,2022-12-30
298,Theresa Barton,Co-Pilot,146612,PNQ,2025-01-07
299,James Cruz,Check-in Staff,145218,GOI,2024-09-08
300,John Turner,Co-Pilot,29723,COK,2023-12-29
